ean;descripcion;marca;n_sucursales;n_cadenas;precio_mediano;coicop_sugerido;rubro_sugerido;coicop_subclase
7790895000720;JUGO DE MANZANA;CEPIT;654;14;1250.0;01.2.2;Aguas minerales, bebidas gaseosas y jugos;
7790580607210;TAB CHOCOLATE C/LECH;ARCOR;780;13;1515.0;01.1.8;Azúcar, dulces, chocolate, golosinas, etc.;
7790895640025;BEBIDA ISOT MOUN BLA;POWERADE;767;13;2050.0;;;01.2.2
7790895000737;JUGO MULTIFRUTA;CEPITA;762;13;1250.0;01.2.2;Aguas minerales, bebidas gaseosas y jugos;
7790387015324;YERBA MATE 4 FLEX;MAÑAN;756;13;2580.0;01.2.1;Café, té, yerba y cacao;
7790895641183;BEB ISOT FRUT.TROPIC;POWERADE;742;13;2050.0;;;01.2.2
7790895647017;JUGO MANZANA ROJA;CEPITA;736;13;3000.0;01.2.2;Aguas minerales, bebidas gaseosas y jugos;
7790895000997;GASEO COLA;COCA COLA;719;13;5700.0;;;
7798062548655;AGUA S/GAS NARAN;LEVIT;564;13;2000.0;01.2.2;Aguas minerales, bebidas gaseosas y jugos;
7790895640018;BEB ISOTONICA MANZAN;POWERADE;755;12;2050.0;01.2.2;Aguas minerales, bebidas gaseosas y jugos;01.2.2
7791337007253;CHOCOLATADA;CINDOR;754;12;7345.0;01.2.1;Café, té, yerba y cacao;
7790895645778;AGUA S/GAS MINERALIZ;SMART WATER;741;12;2200.0;01.2.2;Aguas minerales, bebidas gaseosas y jugos;
7791337007260;CHOCOLATADA;CINDOR;741;12;2621.0;01.2.1;Café, té, yerba y cacao;
7798062548686;AGUA S/GAS POME;LEVITE;739;12;2000.0;01.2.2;Aguas minerales, bebidas gaseosas y jugos;
7798062548679;AGUA S/GAS POME;LEVITE;736;12;2750.0;01.2.2;Aguas minerales, bebidas gaseosas y jugos;
7798062548709;AGUA S/GAS MANZ;LEVITE;736;12;2750.0;01.2.2;Aguas minerales, bebidas gaseosas y jugos;
7798062548648;AGUA S/GAS NARAN;LEVITE;734;12;2750.0;01.2.2;Aguas minerales, bebidas gaseosas y jugos;
0000080052760;CHOCOLATE BUENO;KINDER;720;12;3149.0;01.1.8;Azúcar, dulces, chocolate, golosinas, etc.;
7790895647123;JUGO  MULTIFRUTA;CEPITA;720;12;3000.0;01.2.2;Aguas minerales, bebidas gaseosas y jugos;
7790387013627;YERBA MATE 4 FLEX;TARAGUI;719;12;2893.0;01.2.1;Café, té, yerba y cacao;
7791813434412;GASEOSA LIMON FREE;SEVEN;718;12;4000.0;01.2.2;Aguas minerales, bebidas gaseosas y jugos;01.2.2
7799155000203;AGUA PET CON GAS;VILLAVICENCIO;716;12;1870.0;01.2.2;Aguas minerales, bebidas gaseosas y jugos;
7799155000210;AGUA PET CON GAS;VILLAVICENCIO;715;12;2840.0;01.2.2;Aguas minerales, bebidas gaseosas y jugos;
0000077949677;CHOCOLATE NATOONS;KINDER;713;12;3690.0;01.1.8;Azúcar, dulces, chocolate, golosinas, etc.;
7791813828365;GASEO PEPSI BLACK;PEPSI;708;12;2100.0;01.2.2;Aguas minerales, bebidas gaseosas y jugos;
7790895648267;JUGO SAB NARAN TENTA;CEPITA;707;12;3000.0;01.2.2;Aguas minerales, bebidas gaseosas y jugos;
0000077903785;ALFAJOR TRIPLE MOUSS;MILKA;706;12;2000.0;01.1.8;Azúcar, dulces, chocolate, golosinas, etc.;
7790580716707;GALL SNACKS JAMON;SALAD;674;12;1722.99;01.1.2;Carnes y derivados;
7790580056001;CARAMELOS CONFITADOS;SUGUS;606;12;1990.0;01.1.8;Azúcar, dulces, chocolate, golosinas, etc.;
7790580327415;CONFITES RELLENOS CHOCOLATE ROCKLETS X 40 GRS;ROCKLETS;528;12;2160.0;01.1.8;Azúcar, dulces, chocolate, golosinas, etc.;01.1.8
7790580607418;TABLETA DE CHOCOLATE BLANCO ARCOR X 25 GRS;ARCOR;513;12;1565.0;01.1.8;Azúcar, dulces, chocolate, golosinas, etc.;
7790315100184;AGUA SABORIZADA CERO MANZ S G LEVITE X 500CC;LEVITE;348;12;2159.0;01.2.2;Aguas minerales, bebidas gaseosas y jugos;01.2.2
7790895000232;GASEO COLA LATA;COCA COLA;760;11;2500.0;;;
7790895640483;AGUA S/GAS MANZ;AQUARIUS;739;11;3000.0;01.2.2;Aguas minerales, bebidas gaseosas y jugos;
7790895007217;GASEO COLA;COCA COLA;738;11;4900.0;;;
7790895640490;AGUA S/GAS POME;AQUARIUS;735;11;3000.0;01.2.2;Aguas minerales, bebidas gaseosas y jugos;
7798062548716;AGUA S/GAS MANZ;LEVITE;728;11;2000.0;01.2.2;Aguas minerales, bebidas gaseosas y jugos;
7790895001000;SPRITE 2,25L;SPRITE;721;11;5700.0;01.2.2;Aguas minerales, bebidas gaseosas y jugos;
7790895641237;AGUA S/GAS NARAN;AQUARIUS;721;11;3000.0;01.2.2;Aguas minerales, bebidas gaseosas y jugos;
7790895640476;AGUA S/GAS PERA;AQUARIUS;718;11;3000.0;01.2.2;Aguas minerales, bebidas gaseosas y jugos;
7791813420385;GASEOSA POMELO;PASO DE LOS TOROS;715;11;1938.0;01.2.2;Aguas minerales, bebidas gaseosas y jugos;01.2.2
7891010254773;TAMPONES MEDIO;O.B.;711;11;4130.0;;;
0000090435225;BEBIDA ENERGIZANTE;RED BULL;695;11;4639.0;01.2.2;Aguas minerales, bebidas gaseosas y jugos;01.2.2
7791337009387;YOGUR BEB FRUTILLA;YOGURISIMO;693;11;3380.0;01.1.4;Leche, productos lácteos y huevos;
7798085681834;JUGO NARANJA C/PULPA;CITRIC;692;11;5419.0;01.2.2;Aguas minerales, bebidas gaseosas y jugos;
7798422620014;MONSTER ENERGY;MONSTER;684;11;3300.0;;;01.2.2
7790895648427;JUGO DURAZNO DELICIO;CEPITA;678;11;3200.0;01.2.2;Aguas minerales, bebidas gaseosas y jugos;
7798422620021;ENERGIZANTE ULTRA X6;MONSTER;678;11;3300.0;01.2.2;Aguas minerales, bebidas gaseosas y jugos;01.2.2
7798422620045;ENERGIZANTE MANGO LO;MONSTER;676;11;3300.0;01.2.2;Aguas minerales, bebidas gaseosas y jugos;01.2.2
7798062540260;AGUA S/GAS PERA;LEVIT;671;11;2000.0;01.2.2;Aguas minerales, bebidas gaseosas y jugos;
7790580602000;GOMITAS ROLLO MOGUL X 12 GRS;MOGUL;667;11;899.0;;;
7795735000106;TALITAS TRADICIONALE;DONSA;666;11;2385.0;;;
7790895000270;GASEOSA LIMA LIMON;SPRIT;660;11;2500.0;01.2.2;Aguas minerales, bebidas gaseosas y jugos;01.2.2
0000077903860;ALFAJOR TERRABUSI TORTA X 70 GRS;TERRABUSI;589;11;2100.0;01.1.8;Azúcar, dulces, chocolate, golosinas, etc.;
7790070418203;ALFAJOR ARROZ DULCE LECHE CHOCOARROZ X 22 GRS;CHOCOARROZ;583;11;1649.0;01.1.4;Leche, productos lácteos y huevos;01.1.4
7791813421382;GASEOSA C/GAS POMELO;P.TOR;541;11;3950.0;01.2.2;Aguas minerales, bebidas gaseosas y jugos;01.2.2
7790580697303;GALL.SNACKS SAB.PIZZ;SALAD;524;11;1722.0;;;
7891000379028;TABLETA CHOCOLATE BLANCO KIT KAT X 41.5 GRS;KIT KAT;516;11;2631.0;01.1.8;Azúcar, dulces, chocolate, golosinas, etc.;
7790895646027;AGUA MINERAL C GAS SMART WATER PET X 591 CC;SMART WATER;508;11;2000.0;01.2.2;Aguas minerales, bebidas gaseosas y jugos;
0000077956699;ALFAJOR CHOCOLATE TRIPLE TRI SHOT X 60 GRS;SHOT;501;11;2040.0;01.1.8;Azúcar, dulces, chocolate, golosinas, etc.;
0000077915481;ALFAJOR TRIPLE PEPITOS X 57 GRS;PEPITOS;500;11;2215.0;01.1.8;Azúcar, dulces, chocolate, golosinas, etc.;
0000077939234;ALFAJOR CHOCOLATE TERRABUSI X 50 GRS;TERRABUSI;498;11;1369.0;01.1.8;Azúcar, dulces, chocolate, golosinas, etc.;
0000077903792;ALFAJOR CHOCOLATE TRIPLE TERRABUSI X 70 GRS;TERRABUSI;496;11;2059.0;01.1.8;Azúcar, dulces, chocolate, golosinas, etc.;
7790040613706;ALFAJOR LECHE BON O BON X 40 GRS;BON O BON;490;11;1319.0;01.1.4;Leche, productos lácteos y huevos;01.1.4
7798085681452;JUGO DE NARANJA CLASICO CITRIC TETRA X 500 CC;CITRIC;462;11;3255.0;01.2.2;Aguas minerales, bebidas gaseosas y jugos;01.2.2
7797453001441;CHOCOLATE M&M CHOCOLATE MILK X 48 GR;M & M;258;11;4800.0;01.1.8;Azúcar, dulces, chocolate, golosinas, etc.;
7790580200114;MOGUL TIBURON X 30 GRS;MOGUL;247;11;1120.0;;;
7790580103385;CHOC. COFLER BCO/LEC AIR X27G;COFLER;230;11;2800.0;;;01.1.8
7790895649301;JUGO CEPITA 20% NARANJA TETRA X 200ML;CEPITA;216;11;1680.0;01.2.2;Aguas minerales, bebidas gaseosas y jugos;01.2.2
7790580105013;TABLETA CHOCOLATE C MANI COFLER BLOCK X 170 GRS;COFLER;201;11;7685.0;01.1.8;Azúcar, dulces, chocolate, golosinas, etc.;01.1.6
7791293047102;SHAMPOO RECONSTRUCCI;DOVE;760;10;9687.0;;;
7791293047515;ACO NUTRICION;DOVE;759;10;9687.0;;;
7791293047171;SH REGENERACION EXTR;DOVE;758;10;9687.0;;;
7790770601851;TOALL FEME BUEN NOCH;NOSOTRAS;757;10;3859.0;;;
7791293047522;ACO REGENERAC EXTREM;DOVE;756;10;9687.0;;;
4005808257669;DEO ROLL ON PEAR&BEA;NIVEA;755;10;3108.0;;;
4005900036759;DEO ANTI ROL INV B&W;NIVEA;754;10;3108.0;;;
7791293043791;BODYSPRAY MARINE;AXE;753;10;4705.0;;;
7793253003838;LAVANDINA EN GEL LAV;AYUDIN;753;10;3590.0;;;
7500435202695;SHAMPOO ARGAN;HEAD & SHOULDERS;751;10;13024.0;;;
7791293045948;ACO BALANCE;SEDAL;751;10;5855.0;;;
7791293049557;DEO AEROS NUTR WOMEN;REXONA;751;10;4889.0;;;
4005808257553;DEO ROLL-ON DRY MEN;NIVEA;750;10;3108.0;;;
7790010002806;PROTEC FEM DIAR LARG;CAREFREE;750;10;11138.0;;;
7891150081239;DESODOR AERO ORIGINA;DOVE;750;10;8069.0;;;
4005900036704;ROLL-ON DEO BLA&WHIT;NIVEA;747;10;2770.0;;;
7790580346515;OBLEA RELL CHOC LECH;BON O BON;747;10;1408.0;01.1.8;Azúcar, dulces, chocolate, golosinas, etc.;01.1.1
7791290792838;JAB LIQ P.DILU BIO;SKIP;747;10;13764.0;;;
7791293045740;SHAMPOO BALANCE;SEDAL;746;10;5855.0;;;
7891010560737;HISOPOS;COTONETES;744;10;3460.0;;;
7790380258018;CARAME MASTIC PALITO;PALITOS DE LA SELVA;741;10;2750.0;;;
7790064000261;ALGODON FAMILI CLASI;ESTRELLA;736;10;1396.99;;;
7790520995285;DESINFECT AMB ORIGIN;LYSOFORM;735;10;4789.0;;;
7509552902815;ACO KERATINA RT5;ELVIVE;730;10;11190.0;;;
7793253003791;LAVANDINA EN GEL;AYUDIN;723;10;3590.0;;;
7891150000971;SUAVIZANTE FRESCOR;COMFORT;722;10;8990.0;;;
7791290792814;JAB LIQ BIO ENZ DP;SKIP;720;10;4740.0;;;
7509552902518;SH KERATINA REP TOT5;ELVIVE;719;10;11190.0;;;
7791293047164;SHAMPOO NUTRICION;DOVE;716;10;9687.0;;;
7791293047508;ACO RECONSTRUCCION;DOVE;715;10;9687.0;;;
7790895643835;JUGO SOJ.MAN.ADES 1L;ADES;713;10;3400.0;01.2.2;Aguas minerales, bebidas gaseosas y jugos;
7791290792043;JAB LIQ DILUIR ECO;ALA;713;10;11990.0;;;
7798128000707;GALLE INTEGRA GRANOL;CACHAFAZ;713;10;3769.0;;;
7799155000173;AGUA S/GAS MINERAL;VILLAVICENCIO;712;10;1870.0;01.2.2;Aguas minerales, bebidas gaseosas y jugos;
0000040084107;HUEVO DE CHOCOLATE;KINDER;711;10;2841.0;01.1.4;Leche, productos lácteos y huevos;
7798128000691;GALLETA INTEGRA CHIP;CACHAFAZ;711;10;3769.0;01.1.1;Pan y cereales;
7790895006715;GASEOSA SABOR TONICA;SCHWEPPES;710;10;4500.0;01.2.2;Aguas minerales, bebidas gaseosas y jugos;01.2.2
7791813444411;GASE LIMA LIMON;7 UP;710;10;4000.0;01.1.6;Frutas;01.2.2
7799155000180;AGUA S/GAS MINERAL;VILLAVICENCIO;710;10;2700.0;01.2.2;Aguas minerales, bebidas gaseosas y jugos;
0000077953124;CHOCO CON MANI BLOCK;BLOCK;709;10;2315.0;;;01.1.6
7622300829728;GALLETITAS RELLENAS;MELBA;709;10;1450.0;01.1.1;Pan y cereales;
7791813828419;GASEO COLA BLACK;PEPSI;709;10;4000.0;;;
7791813888413;GASEO COLA;PEPSI;709;10;4000.0;;;
0000078931053;HUEVO CHOCOLATE NIÑA;KINDER;708;10;2841.0;01.1.4;Leche, productos lácteos y huevos;
7792360072447;OBLEA RELL CHOCOLATE;NUGATON;708;10;1110.0;01.1.8;Azúcar, dulces, chocolate, golosinas, etc.;01.1.1
7790387014624;YERBA MATE 4 FLEX;UNION;707;10;2893.0;01.2.1;Café, té, yerba y cacao;
7792200000128;BIZCOCHOS AGRIDULCES;9 DE ORO;707;10;1350.0;01.1.1;Pan y cereales;
7791290794054;LAVAVAJILL BIOACT LI;CIF;706;10;2700.0;;;
7791813888406;GASEO COLA REGULAR;PEPSI;706;10;2100.0;;;
7795323775348;LECHE INFANTIL 3;NUTRILON;706;10;2913.5;01.1.4;Leche, productos lácteos y huevos;01.1.4
7797394001265;PASTILLA MIX FRUTA;TIC TAC;706;10;1050.0;01.1.6;Frutas;
0000078600010;PASTILLA SABOR MENTA;TIC TAC;705;10;1050.0;01.1.8;Azúcar, dulces, chocolate, golosinas, etc.;01.1.8
0000078909434;BOMBON CHOC ALMEN X3;FERRERO ROCHER;705;10;3571.0;01.1.8;Azúcar, dulces, chocolate, golosinas, etc.;01.1.8
7790315000149;AGUA S/GAS MINERAL;VILLA DEL SUR;704;10;2130.0;01.2.2;Aguas minerales, bebidas gaseosas y jugos;
7792170042005;BEBIDA SALES MANZ;GATORADE;704;10;2300.0;;;
7799155000197;AGUA S/GAS MINERAL;VILLAVICENCIO;704;10;3050.0;01.2.2;Aguas minerales, bebidas gaseosas y jugos;
7793253004231;DESOD AMBIEN LAVANDA;POETT;701;10;3900.0;;;
0000078600027;PASTILLA SABOR NARAN;TIC TAC;699;10;1050.0;01.1.8;Azúcar, dulces, chocolate, golosinas, etc.;
7793253003500;DESIN FRESC LAVANDA;POETT;699;10;2440.0;;;
7795323775331;LECHE INFANTIL 2;NUTRILON;699;10;3058.0;01.1.4;Leche, productos lácteos y huevos;01.1.4
7792200000159;BIZCOCHOS GRASA CLAS;9 DE ORO;698;10;1350.0;01.1.5;Aceites, grasas y manteca;
7790550022234;CAFE TOSTADO MOLIDO;CABRALES;697;10;14180.0;01.2.1;Café, té, yerba y cacao;
7793253003548;DESINF FLORES PRIMAV;POETT;697;10;2440.0;;;
7790895012259;GASEO COLA S/AZUCAR;COCA;691;10;4900.0;01.1.8;Azúcar, dulces, chocolate, golosinas, etc.;
7795323775324;LECHE INFANTIL 1;NUTRILON;689;10;3222.0;01.1.4;Leche, productos lácteos y huevos;01.1.4
7509552930344;AC GLYCO GLOSS;ELVIVE;687;10;12489.0;;;
7790895067570;GASEO COLA ZERO;COCA;686;10;5700.0;;;
7622300742645;GALL DULCES RELLENAS;DUQUESA;685;10;1570.0;;;
7790387015607;YERBA MATE CAMPO ORI;LA MERCED;685;10;4829.0;01.2.1;Café, té, yerba y cacao;
7509552928846;SH GLYCOLIC GLOSS;ELVIVE;684;10;12489.0;;;
7790895007248;GASEOSA LIMA LIMON;SPRITE;684;10;4900.0;01.2.2;Aguas minerales, bebidas gaseosas y jugos;01.2.2
7791293050324;SHAMPOO HIDRATACION;DOVE;684;10;9687.0;;;
7791293050355;ACO HIDRATACION;DOVE;684;10;9687.0;;;
7791813434368;GASEOSA 7UP FREE;7UP;684;10;2100.0;01.2.2;Aguas minerales, bebidas gaseosas y jugos;01.2.2
7500435019880;SHAMPOO MANZANA FRES;HEAD & SHOULDERS;683;10;12769.0;01.1.6;Frutas;
7790895012440;GASEO COLA LIGHT;COCA;682;10;4900.0;;;
7500435159210;SHAMPOO FUERZA RAIZ;HEAD & SHOULDERS;675;10;12900.0;;;
7791293049502;DESODORANTE AEROSOL REXONA X 150 CC;REXONA;659;10;4889.0;;;
7790010002660;TOALL FEM ESPECIAL;SIEMP;658;10;3882.99;;;
7794440994205;GUANTES PLISS SATI M;MAPA;658;10;5184.99;;;
7793253004699;LIMPIADOR DESINFECTA;AYUDIN;654;10;3000.0;;;
7790895641220;AGUA S/GAS UVA;AQUAR;643;10;3000.0;01.2.2;Aguas minerales, bebidas gaseosas y jugos;
7622210745620;CHOCOLATE C/ALMENDRA;MILKA;625;10;5140.0;01.1.8;Azúcar, dulces, chocolate, golosinas, etc.;01.1.6
7790895642081;GASEO COLA;COCA;605;10;1100.0;;;
4005900130785;ROLL ON PROTECT FEME;NIVEA;601;10;3109.0;;;
7794440994212;GUANTE PLISS SATIN G;MAPA;601;10;5095.0;;;
7500435202671;SHAMPOO ARGAN;HEAD&;596;10;7599.0;;;
7790010002776;TOALL FEM TANGA;SIEMP;590;10;3150.0;;;
7790010003162;SHAMPOO ORIGINAL;JOHNS;586;10;5495.0;;;
7891000248799;TABLETA DE CHOCOLATE RELLENA KIT KAT X 41.5 GR;KIT KAT;584;10;2650.0;01.1.8;Azúcar, dulces, chocolate, golosinas, etc.;
7791293045931;ACO CERAMIDAS;SEDAL;583;10;5855.0;;;
7509552902358;ACO HIALURON HIDRATA;ELVIV;582;10;7269.0;;;
7891010254780;TAMPONES SUPER;OB;581;10;4130.0;;;
7790010002820;PROTEC FEM  DIARIOS;CAREF;580;10;3385.0;;;
7790010003261;ACONDICIONADOR ORIGI;JOHNS;580;10;5495.0;;;
7790010002615;TOALLA FEM ADAPT NYD;SIEMP;579;10;4040.0;;;
7509552876482;ACO HIALURONICO PURE;ELVIV;578;10;7269.0;;;
7790064002029;POMPONES DE ALGODON;ESTRE;577;10;3430.0;;;
7509552791280;ACO OLEO NUTRITIVO;ELVIV;575;10;7269.0;;;
7500435201292;SUAVI CONCENT INTESO;DOWNY;569;10;9690.0;;;
7509552922226;ACO O.REPA RECAR NUT;FRUCT;567;10;5490.0;;;
7790770602292;TOALL FEM BUEN NOCHE;NOSOT;567;10;6460.0;;;
7798290580113;JUGOS MULTIFRUTA;TUTTI;565;10;540.0;01.2.2;Aguas minerales, bebidas gaseosas y jugos;
7791293049571;DEO AEROS FUTB WOMEN;REXON;562;10;4879.0;;;
7791293045955;ACOND LISO PERFECTO;SEDAL;559;10;5855.0;;;
7500435228770;PAÑAL BABYDRY XXG;PAMPE;554;10;35500.0;;;
7891010251024;TOALLITAS HUMEDAS;JOHNS;522;10;7030.0;;;
7622202328947;CHOCOLATE CON LECHE;MILKA;519;10;5140.0;01.1.4;Leche, productos lácteos y huevos;
7798290580083;JUGOS MANZANA BRICK;TUTTI;511;10;540.0;01.2.2;Aguas minerales, bebidas gaseosas y jugos;
7790580199913;GOMITAS OSITOS MOGUL X 30 GRS;MOGUL;494;10;939.0;;;
7622300457303;ALFAJOR CHOC BCO TRIPLE C MOUSSE MILKA X 55 G;MILKA;484;10;2040.0;01.1.8;Azúcar, dulces, chocolate, golosinas, etc.;01.1.8
7790895648441;JUGO NATURAL NARANJA TENTACION CEPITA PET X 995 CC;CEPITA;471;10;3200.0;01.2.2;Aguas minerales, bebidas gaseosas y jugos;01.2.2
7790580119126;BOMBONES SURTIDO BON O BON CAJA X255G;BON O BON;465;10;12585.0;01.1.8;Azúcar, dulces, chocolate, golosinas, etc.;01.1.8
7798147780062;FRAMBUESAS BANADAS EN CHOCO AMAR BLAN FRANUI X 150;FRANUI;465;10;8499.0;;;01.1.6
7622201818739;TABLETA DE CHOCOLATE TRES SUENOS CADBURY X 82 GRS;CADBURY;464;10;7930.0;01.1.8;Azúcar, dulces, chocolate, golosinas, etc.;
7798147783223;FRAMBUESAS BANADAS EN CHOCO FRANUI POTE X150 GRS;FRANUI;464;10;8445.0;;;01.1.6
7622201818654;TABLETA DE CHOCOLATE CON YOGUR CADBURY X 29 GRS;CADBURY;450;10;2659.0;01.1.4;Leche, productos lácteos y huevos;
7791293049519;DESOD ANTITRANSPIRAN;REXONA;435;10;4889.0;;;
7791293049472;DEO AEROS FUTBOL MEN;REXONA;385;10;4888.99;;;
7790957000538;ALFAJOR CHOCO BLANCO GLACE JORGITO BANDEJA X 6 UNI;JORGITO;337;10;4105.0;01.1.8;Azúcar, dulces, chocolate, golosinas, etc.;
7891000379073;OBLEA CHOCOLATE DARK;KITKA;326;10;2630.0;01.1.8;Azúcar, dulces, chocolate, golosinas, etc.;01.1.1
7797453001458;CHOCOLATE M&M MANI X 49 GR;M & M;233;10;4800.0;01.1.8;Azúcar, dulces, chocolate, golosinas, etc.;01.1.6
7790742167101;QUESO CHEDDAR LA SERENISIMA FETEADO 150 GRS;LA SERENISIMA;201;10;5869.0;01.1.4;Leche, productos lácteos y huevos;
7622300424084;CHOCOLATE SHOT TABLETON TAB 170 GRM;SHOT;155;10;10520.0;01.1.8;Azúcar, dulces, chocolate, golosinas, etc.;
7792799000035;AGUA MINERAL CON GAS ECO D.LOS ANDES BOT 500 CC;ECO DE LOS ANDES;153;10;2095.0;01.2.2;Aguas minerales, bebidas gaseosas y jugos;
7792360094968;CAFE EN SAQUIT INTEN;BONAFIDE;748;9;6060.0;01.2.1;Café, té, yerba y cacao;
7794626010842;PROTEC LEVE ANTIBACT;PLENI;724;9;4543.5;;;
7790010002943;ACEITE PURO;JOHNS;719;9;5907.0;01.1.5;Aceites, grasas y manteca;
7791290795778;DESIFECTANTE AER ORI;CIF;717;9;4600.0;;;
7790070418425;BIZCOCHO ARROZ DULCE;GALLO;698;9;3600.0;01.1.1;Pan y cereales;
7790070433169;PAN RALLADO FORTIFIC;PREFERIDO;698;9;1990.0;01.1.1;Pan y cereales;01.1.1
7790070760623;VINO BLANCO DULC NAT;BENJAMIN NIETO;698;9;6300.0;02.1;Bebidas alcohólicas;02.1
7790387015317;YERBA MATE 4FLEX;MAÑAN;698;9;4789.0;01.2.1;Café, té, yerba y cacao;
7790520997623;AERO MATA MOSC Y MOS;RAID;698;9;6590.0;;;
7790580138738;POLENTA;PREST;698;9;1599.0;01.1.1;Pan y cereales;
7791130683753;LIMPIA LIQ PISO ORIG;PROCENEX;698;9;3245.99;;;
7791200000626;APERITIVO AMARGO;CYNAR;698;9;13335.0;02.1;Bebidas alcohólicas;
7791250001345;VODKA ROJO;SMIRNOFF;698;9;11689.0;02.1;Bebidas alcohólicas;
7791250002267;GIN;GORDO;698;9;18519.0;02.1;Bebidas alcohólicas;
7793890258264;RAPIDITAS CLASICAS;BIMBO;698;9;3919.0;;;
7793890258271;RAPIDITAS LIGHT;BIMBO;698;9;3919.0;;;
7794000005822;SOPA POLL C/FIDE CAB;KNORR;698;9;2745.0;;;01.1.9
7794000006911;SOPA ZAPALLO ROMERO;KNORR;698;9;3661.0;01.1.7;Verduras, tubérculos y legumbres;01.1.9
7891136057029;APERITIVO;APEROL;698;9;14199.0;02.1;Bebidas alcohólicas;
8445291121843;CACAO PVO SIN PREMIX;NESQUIK;698;9;2680.0;01.2.1;Café, té, yerba y cacao;
7622201703141;JUG PV NAR DU VIT CD;CLIGHT;697;9;529.0;;;
7622201735340;JUGO EN PVO NAR DULC;TANG;697;9;522.0;01.2.2;Aguas minerales, bebidas gaseosas y jugos;
7622201735906;PEPITOS REG Q 60X119;PEPITOS;697;9;2150.0;;;
7790040143524;GALLE CHOCO RELLE X3;RUMBA;697;9;4229.0;;;
7790070336149;FIDEOS MOSTACHOL;LUCCHETTI;697;9;1700.0;01.1.1;Pan y cereales;01.1.1
7790070507273;YERBA MATE SELECCION;NOBLEZA GAUCHA;697;9;2415.0;01.2.1;Café, té, yerba y cacao;
7790070562074;PREMEZCLA CHIPA;LUCCHETTI;697;9;5990.0;01.1.1;Pan y cereales;
7790070760579;VINO MALBEC;BENJA;697;9;5900.0;02.1;Bebidas alcohólicas;
7790170902008;CAFÉ CLASICO;MORENITA;697;9;13005.0;;;
7790240002010;VINO CABER-SAUVIGNON;FDCAV;697;9;10906.0;02.1;Bebidas alcohólicas;
7790310985458;PAPAS FRITAS CLASICA;LAYS;697;9;3849.0;;;
7790520025715;INSECTICIDA POLILLAS;RAID;697;9;7000.0;;;
7790520025722;INSECTI PULGA&LARVAS;RAID;697;9;16000.0;;;
7790520025753;MAX CEBOS;RAID;697;9;10261.0;;;
7790520028747;AEROSOL ORIGINAL;BLEM;697;9;6020.0;;;
7790580132163;MERMELADA DURAZNO;ARCOR;697;9;3070.0;01.1.6;Frutas;01.1.8
7790975198651;VINO ESPUM DELICE;CHANDON;697;9;18150.0;02.1;Bebidas alcohólicas;
7791130681391;LIMP.INOD.POWER PLUS;HARPIC;697;9;6234.99;;;
7793360131516;MERMELADA DURAZNO BC;LACAM;697;9;3855.0;01.1.6;Frutas;01.1.8
7794000006072;MAYONESA CLASICA;HELLMANNS;697;9;2999.0;;;01.1.9
8445290068682;ALIM P.GAT AD CAR.PO;CAT CHOW;697;9;8040.0;;;
7622201740399;GALL MINI PEPITOS;PEPITOS;696;9;1119.0;;;
7790045000624;CEREALES AZUCARADOS;SKARC;696;9;4430.0;01.1.1;Pan y cereales;01.1.1
7790070336026;FIDEO TIRABUZON;LUCCHETTI;696;9;1700.0;01.1.1;Pan y cereales;01.1.1
7790070336057;FIDEOS TIRABUZON VEG;LUCCHETTI;696;9;2188.0;01.1.1;Pan y cereales;01.1.1
7790070336576;FIDEOS TALLARIN;DON VICENTE;696;9;3540.0;01.1.1;Pan y cereales;01.1.1
7790070433176;PAN RALLADO FORT;PREFERIDO;696;9;3799.0;01.1.1;Pan y cereales;01.1.1
7790070562258;HARINA 000 C/VITAMIN;FAVORITA;696;9;1199.0;01.1.1;Pan y cereales;
7790150006351;CAFE MOLIDO TORRADO;LA VIRGINIA;696;9;13420.0;01.2.1;Café, té, yerba y cacao;
7790272001029;ACEITE DE GIRASOL;NATURA;696;9;6975.0;01.1.5;Aceites, grasas y manteca;01.1.5
7790290101602;APERITIVO FERNET;BRANCA;696;9;18400.0;02.1;Bebidas alcohólicas;02.1
7790310985465;PAPAS FRITAS CLASICA;LAYS;696;9;5400.0;;;
7790310985656;SNACK QUESO;DORITOS;696;9;5402.5;01.1.4;Leche, productos lácteos y huevos;
7790387013610;YERBA MATE 4FLEX;TARAGUI;696;9;5370.0;01.2.1;Café, té, yerba y cacao;
7790520995377;TABLETA DOBLE ACCION;RAID;696;9;3881.0;;;
7790742067005;DULCE D LECHE REPOST;LA SERENISIMA;696;9;4175.0;01.1.4;Leche, productos lácteos y huevos;01.1.4
7790742625304;DULCE DE LECHE CLASI;LA SERENISIMA;696;9;3860.0;01.1.4;Leche, productos lácteos y huevos;01.1.4
7790950133318;AMARGO SERRANO;TERMA;696;9;2840.0;;;
7790990003022;DETERGEN ULTRA LIMON;MAGISTRAL;696;9;3120.0;01.1.6;Frutas;
7791337008472;POSTRE ROCKLETS;SERENITO;696;9;3730.0;01.1.8;Azúcar, dulces, chocolate, golosinas, etc.;01.1.4
7791337061361;QUESO CREMA ENTERO;CASANCREM;696;9;5595.0;01.1.4;Leche, productos lácteos y huevos;
7791866000381;KETCHUP;NATURA;696;9;1740.0;;;01.1.9
7791866001364;MAYONESA DOY PACK;NATURA;696;9;3040.0;;;01.1.9
7792410523165;FERNET NEGRO;BUHERO;696;9;11568.0;02.1;Bebidas alcohólicas;02.1
7793100111891;CREM DENT ULTR BLANC;COLGATE;696;9;3100.0;;;
7793147571689;CERVEZA GOLDEN;IMPERIAL;696;9;3105.0;02.1;Bebidas alcohólicas;02.1
7793360131400;MERMELADA DE DURAZNO;LA CAMPAGNOLA;696;9;3730.0;01.1.6;Frutas;01.1.8
7793360131530;MERMELAD FRUTILLA +F;BC;696;9;4816.0;01.1.6;Frutas;
7793360131547;MERMELADA CIRUELA BC;LA CA;696;9;3855.0;01.1.6;Frutas;01.1.6
7794000004924;CALDO SAB CRIOLLO;KNORR;696;9;3400.0;;;01.1.9
7794000006188;KETCHUP DOY PACK;HELLMANNS;696;9;2618.0;;;01.1.9
7794000006478;MOSTAZA ORIG DOY PAC;SAVORA;696;9;1727.0;;;01.1.9
7794000006485;MOSTAZA ORIG DOY PAC;SAVORA;696;9;3042.0;;;01.1.9
7794000007987;SALSA PIZZA CASERA;KNORR;696;9;1589.0;;;01.1.9
7794000008557;CALDO VERDURA C/VEGE;KNORR;696;9;2989.0;01.1.7;Verduras, tubérculos y legumbres;01.1.9
7794520868969;PALITOS SALADOS;KRACHITOS;696;9;1815.0;;;
7891024134429;CREM DENT SENS WHITE;COLGA;696;9;5570.99;;;
8445290057433;ALIM P.GAT AD PES.PO;CAT CHOW;696;9;8040.0;;;
8445290274243;POLVO CHOCOLATADO;NESCAO;696;9;2169.0;;;
8445290702234;LECHE EN PVO ENTERA;LA LECHERA;696;9;12432.0;01.1.4;Leche, productos lácteos y huevos;01.1.4
8445291121904;CACAO POLVO S/PREMIX;NESQUIK;696;9;12799.0;01.2.1;Café, té, yerba y cacao;
5000267014005;RED LABEL WHISKY;JOHNNIE WALKER;695;9;42300.0;02.1;Bebidas alcohólicas;
7622201703110;JUGO PV NAR VIT CD;CLIGHT;695;9;529.0;01.2.2;Aguas minerales, bebidas gaseosas y jugos;
7622201735883;PEPITOS TRIPACK QJ;PEPITOS;695;9;5819.0;;;
7790040132689;GALLETAS AZUCARADAS;PORTE;695;9;1370.0;01.1.1;Pan y cereales;
7790040143364;GALLETITAS SURTIDAS;DIVERSION;695;9;2855.0;01.1.1;Pan y cereales;
7790040143777;GALLE RELL CREAMY CH;COFLER;695;9;1272.0;;;
7790060023684;ACEITE DE GIRASOL;COCINERO;695;9;6470.0;01.1.5;Aceites, grasas y manteca;01.1.5
7790070336552;FIDEOS CASERITO;DON VICENTE;695;9;3540.0;01.1.1;Pan y cereales;01.1.1
7790070433114;ARROZ PARBOIL SELECC;GALLO;695;9;1435.0;01.1.1;Pan y cereales;
7790240041460;VINO MALBEC;FDCAV;695;9;10905.0;02.1;Bebidas alcohólicas;
7790290101459;APERITIVO  FERNET;VITTONE;695;9;6300.0;02.1;Bebidas alcohólicas;02.1
7790310985267;SNACK SABOR QUESO;DORITOS;695;9;2300.0;01.1.4;Leche, productos lácteos y huevos;
7790310985526;PALITOS DE QUESO;PEHUAMAR;695;9;3518.0;01.1.4;Leche, productos lácteos y huevos;
7790520025869;INSEC.MATA MOSC.Y MO;FUYI;695;9;4990.0;;;
7790520997654;AEROSOL INSECTICIDA;RAID;695;9;5725.0;;;
7790580132187;MERMELADA FRUTILLA;ARCOR;695;9;4150.0;01.1.6;Frutas;01.1.8
7790580138868;PURE DE TOMATE;LA CAMPAGNOLA;695;9;1219.0;01.1.7;Verduras, tubérculos y legumbres;
7790710334573;YERBA HIERBAS SERRAN;CBSE;695;9;4845.0;01.2.1;Café, té, yerba y cacao;
7790742011701;CREMA BATIR CLASICA;LA SERENISIMA;695;9;3399.0;;;
7790742141101;CREMA DE LECHE;LA SERENISIMA;695;9;5179.0;01.1.4;Leche, productos lácteos y huevos;
7790742335609;LECHE DESC BOTELLA;LA SERENISIMA;695;9;2940.0;01.1.4;Leche, productos lácteos y huevos;01.1.4
7790742373304;QUESO UNT LIGHT;FINLANDIA;695;9;5476.0;01.1.4;Leche, productos lácteos y huevos;
7790742625205;DULCE DE LECHE COLON;LA SERENISIMA;695;9;4615.0;01.1.4;Leche, productos lácteos y huevos;01.1.4
7790895010095;GASEOSA POMELO ZERO;SCHWE;695;9;5700.0;01.2.2;Aguas minerales, bebidas gaseosas y jugos;01.2.2
7790950000160;AMERICAN GANCIA 0,95;GANCIA;695;9;9800.0;;;02.1
7790950133288;AMARGO LIMON LIGHT;TERMA;695;9;2840.0;01.1.6;Frutas;
7791130002844;LIMPIA VIDRIOS DOYPA;PROCENEX;695;9;2150.0;;;
7791130683661;LIMPIADOR LIQ MARINA;PROCENEX;695;9;2420.0;;;
7791130683760;LIMPIADOR LI.ES.LAVA;PROCENEX;695;9;4200.0;;;
7791337061385;QUESO CREMA LIGHT;CASANCREM;695;9;5595.0;01.1.4;Leche, productos lácteos y huevos;
7791866000480;SALSA GOLF;NATURA;695;9;1816.0;;;01.1.9
7791866004211;MOSTAZA DOY PACK;NATURA;695;9;1109.0;;;01.1.9
7792180004567;HARINA C/LEV PIZ CAS;PUREZA;695;9;2230.0;01.1.1;Pan y cereales;
7792390620786;CAPELETTINI J&Q;GIACOMO;695;9;5455.0;;;
7793147009137;CERV PORRON;HEINEKEN;695;9;4195.0;;;
7622201736033;GALL CEREAL CLASICAS;CEREALITAS;694;9;2010.0;01.1.1;Pan y cereales;01.1.1
7622201761288;GAL CHOC REL  MINI;OREO;694;9;1119.0;;;01.1.8
7790040133488;GALLETAS FRAMBUESA;SONRISAS;694;9;1529.0;01.1.1;Pan y cereales;01.1.6
7790040139657;GALLETAS RELL FRUTIL;MERENGADAS;694;9;1567.0;01.1.1;Pan y cereales;
7790070336217;FIDEOS MOSTACHOL;MATARAZZO;694;9;1990.0;01.1.1;Pan y cereales;01.1.1
7790070336309;FIDEOS SPAGHETTI;MATARAZZO;694;9;1990.0;01.1.1;Pan y cereales;01.1.1
7790070431486;ARROZ LARG FINO BOLS;LUCCHETTI;694;9;1999.0;01.1.1;Pan y cereales;
7790070432964;BIZCOCH VAINILL FORT;EXQUISITA;694;9;3679.0;01.1.1;Pan y cereales;
7790070562180;HARINA LEUDANTE FORT;BLANCAFLOR;694;9;2239.0;01.1.1;Pan y cereales;
7790310985236;PAPAS FRITAS CLASICA;LAYS;694;9;2300.0;;;
7790520995315;DESINF AEROSOL LAVAN;LYSOFORM;694;9;4786.99;;;
7790670050650;HAMB CLASIC 4UD;PATY;694;9;9150.0;;;
7790742102805;RICOTTA ENTERA;GARCIA;694;9;4599.0;;;01.1.4
7790742321701;QUESO UNT CLASICO;FINLANDIA;694;9;3655.0;01.1.4;Leche, productos lácteos y huevos;
7790742321800;QUESO UNT LIGHT;FINLANDIA;694;9;3655.0;01.1.4;Leche, productos lácteos y huevos;
7790742625106;DULCE D/LECHE COLONI;LA SERENISIMA;694;9;3025.0;01.1.4;Leche, productos lácteos y huevos;01.1.4
7790895003288;AGUA S/GAS POME;AQUARIUS;694;9;3700.0;01.2.2;Aguas minerales, bebidas gaseosas y jugos;
7790895003301;AGUA S/GAS MANZ;AQUARIUS;694;9;3700.0;01.2.2;Aguas minerales, bebidas gaseosas y jugos;
7790950141610;POMELO ROSADO AMARGO;TERMA;694;9;2840.0;;;01.1.6
7790990003039;DETER ULTRA LIMON;MAGISTRAL;694;9;5040.0;01.1.6;Frutas;
7791250001871;VODKA RASPBERRY;SMIRNOFF;694;9;12899.0;02.1;Bebidas alcohólicas;
7791290792012;JAB LIQ ECOLAV DP;ALA;694;9;4020.0;;;
7791290795587;LIMP ANTIGRASA EXPER;CIF;694;9;2506.99;;;
7791293051208;JABON ORIGINAL;DOVE;694;9;2609.0;;;
7791337007666;YOGUR CEREAL CON MIE;SER;694;9;4180.0;01.1.4;Leche, productos lácteos y huevos;01.1.1
7791337008489;POSTRE CHOCOBOMB;SERENITO;694;9;3730.0;01.1.8;Azúcar, dulces, chocolate, golosinas, etc.;01.1.4
7791337061439;QUESO CREMA LIGHT;LA SERENISIMA;694;9;4015.0;01.1.4;Leche, productos lácteos y huevos;
7791813777021;SEVEN UP LATA;7 UP;694;9;2100.0;;;01.2.2
7791813888468;GASEO COLA;PEPSI;694;9;4550.0;;;
7792180001665;ACEITE DE GIRASOL;CAÑUE;694;9;6529.0;01.1.5;Aceites, grasas y manteca;01.1.5
7792180134516;HARINA INTEGRAL;PUREZA;694;9;2020.0;01.1.1;Pan y cereales;01.1.1
7792410522717;GIN;BRIGHTON;694;9;12950.0;02.1;Bebidas alcohólicas;
7792798003709;CERVEZA CORONA;CORONA;694;9;4270.0;02.1;Bebidas alcohólicas;02.1
7792798003716;CERVEZA EN BOTELLA;CORONA;694;9;6878.0;02.1;Bebidas alcohólicas;02.1
7792798007493;CERVEZA RETORNABLE;BRAHMA;694;9;4530.0;02.1;Bebidas alcohólicas;02.1
7793147118860;CERVEZA EN LATA;SCHNEIDER;694;9;2500.0;02.1;Bebidas alcohólicas;02.1
7793433000497;SALERO;GENSER;694;9;5619.0;;;
7794000005884;SOPA CREM ZAPAL NUEZ;KNORR;694;9;2745.0;;;01.1.6
7794000006065;MAYONESA CLASICA;HELLMANNS;694;9;1678.0;;;01.1.9
7794000008052;SALSA FILETTO CASERA;KNORR;694;9;1589.0;;;01.1.9
7795735000335;BIZCOCHO DULCE;DON SATUR;694;9;1525.0;01.1.1;Pan y cereales;
7798074864675;VINO MALBEC;PORTILLO;694;9;6800.0;02.1;Bebidas alcohólicas;
7798074864774;VINO SAUVIGNON BLANC;PORTILLO;694;9;6855.0;02.1;Bebidas alcohólicas;
7798074865191;VINO MALBEC;KILLKA;694;9;9790.0;02.1;Bebidas alcohólicas;
7798338291049;LECHE CHOCOLATAD UAT;L3NIÑ;694;9;5253.0;01.1.4;Leche, productos lácteos y huevos;01.1.4
7898024394181;PASTA AVELLANAS;NUTELLA;694;9;10998.0;;;
8445290068507;ALIM GATO CARNE/POLL;CAT CHOW;694;9;4121.0;01.1.2;Carnes y derivados;
8445290987587;ALIM ADULTO MINI PEQ;DOG CHOW;694;9;7065.0;;;
8445291121881;CACAO PVO SIN PREMIX;NESQUIK;694;9;4779.0;01.2.1;Café, té, yerba y cacao;
0000077987983;DESODORANTE ODORONO;REXONA;693;9;2839.0;;;
7622201703080;JUG PV MAN DE VIT CD;CLIGHT;693;9;529.0;;;
7622201705961;JUGO EN POLVO NARANJ;TANG;693;9;522.0;01.2.2;Aguas minerales, bebidas gaseosas y jugos;
7622201705992;JUGO EN POLVO MANZAN;TANG;693;9;522.0;01.2.2;Aguas minerales, bebidas gaseosas y jugos;
7622201735371;JUGO PVO NARAN/MANGO;TANG;693;9;522.0;01.2.2;Aguas minerales, bebidas gaseosas y jugos;
7622201735685;JUGO PVO LIMONADA DU;TANG;693;9;522.0;01.2.2;Aguas minerales, bebidas gaseosas y jugos;01.2.2
7702010631207;CEP DENT TRIP ACCION;COLGA;693;9;5440.99;;;
7790040133471;GALLE RELLEN FRAMBUE;SONRISAS;693;9;4229.0;;;
7790040142992;GALLETITAS NEGRO;CHOCOLINAS;693;9;2545.0;01.1.1;Pan y cereales;
7790040143234;GALLETITA CHOCOLATE;CHOCOLINAS;693;9;2420.0;01.1.1;Pan y cereales;
7790040143807;GALL RELL BON O BON;COFLER;693;9;1273.0;;;
7790040173200;SNACKS KESITAS CAJA;KESITAS;693;9;2260.0;;;
7790045001584;COPOS DE MAIZ;GRANIX;693;9;1650.0;;;01.1.1
7790070320285;FIDEO SPAGHETTI;FAVORITA;693;9;1060.0;01.1.1;Pan y cereales;01.1.1
7790070336118;FIDEOS TALLARIN N5;LUCCHETTI;693;9;1700.0;01.1.1;Pan y cereales;01.1.1
7790070336293;FIDEOS TIRABUZON;MATARAZZO;693;9;1930.0;01.1.1;Pan y cereales;01.1.1
7790070336316;FIDEOS TALLARIN;MATARAZZO;693;9;1916.0;01.1.1;Pan y cereales;01.1.1
7790070336361;FIDEOS PENNE RIGATE;LUCCHETTI;693;9;1700.0;01.1.1;Pan y cereales;01.1.1
7790070336545;FIDEOS FETUCCINI;DON VICENTE;693;9;3675.0;01.1.1;Pan y cereales;01.1.1
7790070760722;VINO MALBEC;EMILIA;693;9;7900.0;02.1;Bebidas alcohólicas;
7790150540183;OREGANO;ALICANTE;693;9;1568.0;;;01.1.9
7790154008283;JUGO NARANJA;DEL VALLE;693;9;2100.0;01.2.2;Aguas minerales, bebidas gaseosas y jugos;
7790170901971;CAFE MOLIDO INTENSO;MORENITA;693;9;6600.0;01.2.1;Café, té, yerba y cacao;
7790550000157;CAFE MOLIDO;LA PL;693;9;7410.0;01.2.1;Café, té, yerba y cacao;
7790742192103;LECHE DESCR 1% SACHE;CASANTO;693;9;1865.0;01.1.4;Leche, productos lácteos y huevos;01.1.4
7790742333605;LECHE ZERO LACTOSA;LA SERENISIMA;693;9;2999.0;01.1.4;Leche, productos lácteos y huevos;01.1.4
7790742335401;LECHE DES BOTELLA 2%;LA SERENISIMA;693;9;2945.0;01.1.4;Leche, productos lácteos y huevos;01.1.4
7790742358608;LECHE PROTEIN DES 0%;LA SERENISIMA;693;9;2999.0;01.1.4;Leche, productos lácteos y huevos;01.1.4
7790742373205;QUESO UNT CLASICO;FINLANDIA;693;9;5476.0;01.1.4;Leche, productos lácteos y huevos;
7790950202816;DR LEMON LIMON LATA;DRLEM;693;9;2850.0;01.1.6;Frutas;
7791120031557;ARROZ LARGO FINO;MOLINOS ALA;693;9;1950.0;01.1.1;Pan y cereales;
7791337008106;POSTRE COPA DDL;DANETTE;693;9;2560.0;01.1.8;Azúcar, dulces, chocolate, golosinas, etc.;01.1.4
7791540053351;VINO TINTO BRIK;TERMIDOR;693;9;2257.0;02.1;Bebidas alcohólicas;02.1
7791675902616;ACEIT VDE DESCAROZAD;CASTELL;693;9;1851.0;;;
7793147009199;CERVEZA LATA;HEINEKEN;693;9;3885.0;02.1;Bebidas alcohólicas;02.1
7793253003722;LAVANDINA LAVA TR PO;AYUDI;693;9;3640.0;;;
7793253004774;QUITAMA BCO IN FLORA;AYUDIN;693;9;2290.0;;;
7793890258752;PAN BLANCO;LACTAL;693;9;4990.0;01.1.1;Pan y cereales;01.1.1
7798062547559;AGUA S/GAS MINERAL;VILLA DEL SUR;693;9;2449.0;01.2.2;Aguas minerales, bebidas gaseosas y jugos;
7798338290028;LECH LARG VID ENTERA;3NIÑA;693;9;2620.0;;;
8445290069313;ALIM P/GAT CARN VEGE;CAT CHOW;693;9;8854.0;;;
8445291082137;CAFE DOLCA SV ORIGEN;DOLCA;693;9;12899.0;01.2.1;Café, té, yerba y cacao;
7622201702656;JUGO PV LIMONA VIT;CLIGHT;692;9;529.0;01.2.2;Aguas minerales, bebidas gaseosas y jugos;
7622201745905;CEREALITA CLASI X3UD;CEREALITAS;692;9;5430.0;01.1.1;Pan y cereales;01.1.1
7790070320001;PASTA CABELLO ANGEL;MATARAZZO;692;9;2900.0;;;
7790070336385;FIDEOS SPAGHETTI;LUCCHETTI;692;9;1699.0;01.1.1;Pan y cereales;01.1.1
7790070418449;BIZC ARROZ TORT NEGR;GALLO;692;9;3600.0;01.1.1;Pan y cereales;
7790072001014;SAL FINA PAQUETE;CELUSAL;692;9;1450.0;;;01.1.9
7790072002080;SAL FINA ESTUCHE;CELUSAL;692;9;1787.0;;;01.1.9
7790150160725;CAFE CAPUC TRAD ESPU;LA VIRGINIA;692;9;3677.0;01.2.1;Café, té, yerba y cacao;
7790150355084;TE ESPECIAL VERDE;LA VIRGINIA;692;9;1719.0;01.2.1;Café, té, yerba y cacao;01.1.9
7790154008306;JUGO MULTIFRUTA;DEL VALLE;692;9;2100.0;01.2.2;Aguas minerales, bebidas gaseosas y jugos;
7790250054962;PAÑUELOS DESCARTABLE;ELITE;692;9;2675.0;;;
7790250057765;SERVILLETAS P/MESA;SUSSEX;692;9;2105.0;;;
7790310984338;MAICITOS 125GR;PEHUAMAR;692;9;3618.0;;;
7790360026576;HAMBURG CARNE CLASIC;SWIFT;692;9;9195.0;01.1.2;Carnes y derivados;
7790387014617;YERBA MATE 4 FLEX;UNION;692;9;5370.0;01.2.1;Café, té, yerba y cacao;
7790550000164;CAFE TORRADO;LA PL;692;9;14550.0;01.2.1;Café, té, yerba y cacao;
7790580131371;SURTIDO EL KIOSKO;ARCOR;692;9;12079.0;;;
7790742324108;QUESO UNT RED CAL;FINLANDIA;692;9;5476.0;01.1.4;Leche, productos lácteos y huevos;
7790895643866;JGO B/SOJA FR TROPIC;ADES;692;9;3400.0;;;01.1.7
7791290792791;JAB LIQ BIO ENZ DP;SKIP;692;9;16690.0;;;
7791290794061;LAVAVAJ BIOACT LIMON;CIF;692;9;4390.0;01.1.6;Frutas;
7791290794238;CREM MULTIUSO ORIGIN;CIF;692;9;2530.0;;;
7791337007246;YOGUR FIRME VAINILLA;SER;692;9;2680.0;01.1.4;Leche, productos lácteos y huevos;
7791337007628;YOG FIRME VAINILLA;YOGURISIMO;692;9;2960.0;;;
7791337008113;COPA CHOCOLATE;DANETTE;692;9;2560.0;01.1.8;Azúcar, dulces, chocolate, golosinas, etc.;
7791337061422;QUESO CREMA ENTERO;LA SERENISIMA;692;9;4015.0;01.1.4;Leche, productos lácteos y huevos;
7792710000182;YERBA TRADICIONAL;AMANDA;692;9;2460.0;01.2.1;Café, té, yerba y cacao;
7792798014873;CERVEZA 0.0 S/ALCOHO;CORONA;692;9;3500.0;02.1;Bebidas alcohólicas;02.1
7793147573386;CERVEZA LATA;MILLER;692;9;3485.0;02.1;Bebidas alcohólicas;02.1
7793360131561;MERMELADA ARANDANO;BC;692;9;5200.0;01.1.8;Azúcar, dulces, chocolate, golosinas, etc.;01.1.6
7793890258783;PAN SALVADO;LACTAL;692;9;5757.0;01.1.1;Pan y cereales;01.1.1
7793890258998;PAN HAMBURGUESA;BIMBO;692;9;4405.0;01.1.2;Carnes y derivados;01.1.1
7794940000536;AZUCAR LIGHT;HILERET;692;9;2759.0;01.1.8;Azúcar, dulces, chocolate, golosinas, etc.;
7798062540284;AGUA S/GAS POME;LEVIT;692;9;3390.0;01.2.2;Aguas minerales, bebidas gaseosas y jugos;
7798074865313;VINO MALBEC;SALENTEIN;692;9;15100.0;02.1;Bebidas alcohólicas;
8445290993045;PURE DE PAPA CREMOSO;MAGGI;692;9;4257.0;01.1.7;Verduras, tubérculos y legumbres;01.1.4
7509546686523;CREM DENT TRIP BENEF;COLGA;691;9;3790.0;;;
7622201735296;OREO QJ 36X118GR;OREO;691;9;2280.0;;;
7702103751416;CEREAL FROOT LOOPS;KELLO;691;9;4300.0;01.1.1;Pan y cereales;01.1.1
7790150310267;TE DE BOLDO;LA VIRGINIA;691;9;2081.0;01.2.1;Café, té, yerba y cacao;
7790199000020;HARINA 0000;MORIXE;691;9;1440.0;01.1.1;Pan y cereales;
7790240128673;VINO RESERVA MALBEC;FOND;691;9;14245.0;02.1;Bebidas alcohólicas;
7790580132255;MERMEL.LIGHT FRUTILL;ARCOR;691;9;4496.0;;;
7790639003444;GASEOSA TONICA;CUNNINGTON;691;9;2750.0;01.2.2;Aguas minerales, bebidas gaseosas y jugos;01.2.2
7790639003857;GASEOSA POMELO SUAVE;CUNNINGTON;691;9;2540.0;01.2.2;Aguas minerales, bebidas gaseosas y jugos;01.2.2
7790742373908;QUESO UNT ORIGINAL;CREMO;691;9;3996.0;01.1.4;Leche, productos lácteos y huevos;
7791120098888;ARROZ INTEGRAL;MOLINOS ALA;691;9;2400.0;01.1.1;Pan y cereales;01.1.1
7791337008229;YOGURISIMO FRUTILLA;YOGURISIMO;691;9;6429.0;01.1.4;Leche, productos lácteos y huevos;
7791337008243;YOGURISIMO VAINILLA;YOGURISIMO;691;9;6429.0;01.1.4;Leche, productos lácteos y huevos;
7791337060944;QUESO CREMA S/SAL;CASANCREM;691;9;5595.0;01.1.4;Leche, productos lácteos y huevos;01.1.9
7791866000510;MOSTAZA;NATURA;691;9;2199.0;;;01.1.9
7793890259025;PAN PARA PANCHOS;ARTESANO;691;9;4650.0;01.1.1;Pan y cereales;01.1.1
7795735000328;BIZCOCHO SALADO;DON SATUR;691;9;1525.0;01.1.1;Pan y cereales;
7798060850026;MANTEC CALIDAD EXTRA;TONADITA;691;9;3950.0;;;
7798060852990;QUESO UNT JAMON;TONADITA;691;9;2699.0;01.1.4;Leche, productos lácteos y huevos;
7798062540291;AGUA S/GAS NARAN;LEVIT;691;9;3390.0;01.2.2;Aguas minerales, bebidas gaseosas y jugos;
7798108833950;VINO MALBEC;CALLIA;691;9;5900.0;02.1;Bebidas alcohólicas;
7798108834155;VINO BLANCO DULCE;CALLIA;691;9;5900.0;02.1;Bebidas alcohólicas;02.1
7891024034095;PASTA DENTAL KIDS;COLGA;691;9;3720.99;;;
7501058753441;QUITAM.POLVO INTELIG;VANISH;690;9;3190.0;;;
7622201703172;JUGO EN POLV POM ROS;CLIGHT;690;9;529.0;01.2.2;Aguas minerales, bebidas gaseosas y jugos;
7622202038099;GALLETA CHOCO S/TACC;OREO;690;9;2960.0;01.1.1;Pan y cereales;
7790040139091;GALLE RELLENA FRUT;MERENGADAS;690;9;4247.0;;;
7790070431417;ARROZ PARBOIL;GALLO;690;9;2725.0;01.1.1;Pan y cereales;
7790070509055;YERBA MATE SIN TACC;CRUZ DE MALTA;690;9;4989.0;01.2.1;Café, té, yerba y cacao;
7790150006320;CAFE MOLIDO CLASICO;LA VIRGINIA;690;9;6389.0;01.2.1;Café, té, yerba y cacao;
7790170903937;CAFE EN SAQUITOS;MORENITA;690;9;5590.0;01.2.1;Café, té, yerba y cacao;
7790272001005;ACEITE DE GIRASOL;NATURA;690;9;4409.0;01.1.5;Aceites, grasas y manteca;01.1.5
7790310985649;NACHOS SABOR QUESO;DORITOS;690;9;3515.0;01.1.4;Leche, productos lácteos y huevos;
7790398100088;MANTECA;LA PAULINA;690;9;4389.0;01.1.5;Aceites, grasas y manteca;01.1.5
7790520025777;INSEC CUCARACHA S/OL;RAID;690;9;10150.0;;;
7790580131364;ATUN LOMITO NATURAL;LA CAMPAGNOLA;690;9;5745.0;01.1.3;Pescados y mariscos;
7790639003819;GASEO COLA LIGHT;CUNNINGTON;690;9;2540.0;;;
7790670052371;MEDALL C/SOJA 4UD;EXPRE;690;9;5955.0;;;01.1.7
7790742192202;LECHE DESCR 2% SACHE;CASANTO;690;9;1865.0;01.1.4;Leche, productos lácteos y huevos;01.1.4
7790742373809;QUESO UNT LIGHT;CREMO;690;9;3996.0;01.1.4;Leche, productos lácteos y huevos;
7790895001017;FANTA NARANJA;FANTA;690;9;5700.0;01.2.2;Aguas minerales, bebidas gaseosas y jugos;
7790895003295;AGUA S/GAS PERA;AQUARIUS;690;9;3700.0;01.2.2;Aguas minerales, bebidas gaseosas y jugos;
7790950133325;AMARGO SERRANO LIGHT;TERMA;690;9;2840.0;;;
7791004000099;SAL GRUESA;CELUSAL;690;9;2595.0;;;01.1.9
7791120037559;ARROZ PARBOIL;MOLINOS ALA;690;9;2290.0;01.1.1;Pan y cereales;
7791130681384;REMOVEDOR DE SARRO;HARPIC;690;9;6220.0;;;
7791290794221;CREM MULTIUSO ORIGIN;CIF;690;9;4579.0;;;
7791337008564;YOG VANILLA CALCI+12;SER;690;9;2425.0;;;
7791813888376;GASEO COLA LATA;PEPSI;690;9;2100.0;;;
7792798007387;CERVEZA CRISTAL;QUILMES;690;9;4325.0;02.1;Bebidas alcohólicas;02.1
7793890258769;PAN BLANCO;LACTAL;690;9;3507.0;01.1.1;Pan y cereales;01.1.1
7793940052002;MANTECA EXTRA;LA SERENISIMA;690;9;2725.0;01.1.5;Aceites, grasas y manteca;01.1.5
7794000007109;MAYONESA LIVIANA DP;HELLMANNS;690;9;2999.0;;;01.1.9
7794940000796;EDULCORANT STEV FORT;HILERET;690;9;5839.0;;;
7798146139045;SALSA CHEDDAR;TAU;690;9;4648.0;;;01.1.9
7798353194653;VINO TINTO MALBEC;CORDE;690;9;6600.0;02.1;Bebidas alcohólicas;02.1
8445290977373;ALIM ADULTO MED GDE;DOG CHOW;690;9;5511.0;;;
7790070507341;JUGO DE LIMON;MINERVA;689;9;3469.0;01.2.2;Aguas minerales, bebidas gaseosas y jugos;
7790070622044;TAPA P/TARTAS HOJALD;LASAL;689;9;2735.0;;;01.1.1
7790174001349;MILANESA SOJA TRADIC;VEGETALEX;689;9;4789.0;01.1.2;Carnes y derivados;01.1.2
7790240041880;VINO BLANCO DULCE;ALARIS;689;9;5318.0;02.1;Bebidas alcohólicas;02.1
7790290001179;APERITIVO FERNET;BRANCA;689;9;12250.0;02.1;Bebidas alcohólicas;02.1
7790360967701;HAMBURGUESAS CARNE;SWIFT;689;9;7629.0;01.1.2;Carnes y derivados;
7790520998927;IMPIA HORNOS;MRMUS;689;9;8856.0;;;
7790742141606;CREMA PARA COCINAR;LA SERENISIMA;689;9;3239.0;;;
7791290794115;LAVAVAJI BIOACT LIMA;CIF;689;9;4390.0;;;
7793147570866;CERVEZA LATA;GROLSCH;689;9;3925.0;02.1;Bebidas alcohólicas;02.1
7794000007093;MAYONESA LIVIANA DP;HELLMANNS;689;9;1679.0;;;01.1.9
7797906054826;PAPAS TRADICIONAL;MCCAI;689;9;7345.0;;;
7798074864910;ESPUMANTE BRUT NATUR;SALENTEIN;689;9;17000.0;02.1;Bebidas alcohólicas;
7798338291070;CREMA P/COCIN FORTIF;L3N;689;9;2693.0;;;
7799155000135;AGUA S/GAS;VILLA DEL SUR;689;9;5099.0;01.2.2;Aguas minerales, bebidas gaseosas y jugos;
7898422746827;JAB TOC EXFOLIANTE;DOVE;689;9;2609.0;;;
7790070432254;ARROZ PREP C/VEGETAL;GALLO;688;9;3080.0;01.1.1;Pan y cereales;
7790070432858;PREMEZCLA BROWNIES;EXQUISITA;688;9;5000.0;01.1.1;Pan y cereales;
7790070432971;BIZCOCHUE CHOCO FORT;EXQUISITA;688;9;4469.0;01.1.1;Pan y cereales;
7790070507280;YERBA MATE SELECCION;NOBLEZA GAUCHA;688;9;4570.0;01.2.1;Café, té, yerba y cacao;
7790360966841;MEDALLON SUPERCONGX4;SWIFT;688;9;5869.0;;;
7790742141903;CREM LIVIA P/COCINAR;LA SERENISIMA;688;9;2785.0;;;
7791203001231;VINO MALBEC;LUIGI BOSCA;688;9;18000.0;02.1;Bebidas alcohólicas;
7791290793682;SUAVIZANTE PARA ROPA;COMFORT;688;9;4590.0;;;
7791337007819;LECHE MULTIFRUTA;ACTIMEL;688;9;1965.0;01.1.4;Leche, productos lácteos y huevos;01.1.4
7791337008694;YOGURT BEB FRUTILLA;DANONINO;688;9;3255.0;01.1.4;Leche, productos lácteos y huevos;
7791540047862;VINO MALBEC;DADA;688;9;7739.0;02.1;Bebidas alcohólicas;
7791813828372;GASEO PEPSI BLACK;PEPSI;688;9;2100.0;01.2.2;Aguas minerales, bebidas gaseosas y jugos;
7791813828464;GASEO COLA BLACK;PEPSI;688;9;4550.0;;;
7792170110704;BEB ISOTON COOL BLUE;GATORADE;688;9;2850.0;;;01.2.2
7792180004741;PAN RALLADO;MAMA COCINA;688;9;1670.0;01.1.1;Pan y cereales;01.1.1
7792931000039;AGUA S/GAS MINERAL;GLACIAR;688;9;3495.0;01.2.2;Aguas minerales, bebidas gaseosas y jugos;
7793147001025;CERVEZA LAGER RETORN;SCHNEIDER;688;9;4580.0;02.1;Bebidas alcohólicas;02.1
7793360131424;MERMELADA DE CIRUELA;LA CAMPAGNOLA;688;9;3730.0;01.1.6;Frutas;01.1.6
7794000007468;ALMIDON DE MAIZ;MAIZENA;688;9;4089.0;;;
7798013100697;FUET DE CERDO;CAGNOLI;688;9;8559.0;01.1.2;Carnes y derivados;
7891000337271;CEREAL BOLITAS CHOCO;NESQUIK;688;9;6309.0;01.1.1;Pan y cereales;01.1.1
7790070035936;PATITAS POLLO +CROCA;GDSOL;687;9;9085.0;01.1.2;Carnes y derivados;
7790070265333;ACEIT FRITOLIM CLASI;COCIN;687;9;4900.0;;;
7790199603368;HARINA PARA AREPAS;MORIXE;687;9;3650.0;01.1.1;Pan y cereales;
7790315000880;AGUA S/GAS MANZ;LEVIT;687;9;3390.0;01.2.2;Aguas minerales, bebidas gaseosas y jugos;
7790639003826;GASEOSA TONICA LIGHT;CUNNINGTON;687;9;2750.0;01.2.2;Aguas minerales, bebidas gaseosas y jugos;01.2.2
7790639003833;GASE LIMA LIMON SUAV;CUNNINGTON;687;9;2750.0;01.1.6;Frutas;01.2.2
7790670050728;HAMB FINITAS 2UD;PATY;687;9;3439.0;;;
7790670052388;SALCHICHAS CLASIC X6;PATYVIENA;687;9;2880.0;01.1.2;Carnes y derivados;
7790742335500;LECHE ENTERA BOTELLA;LA SERENISIMA;687;9;2940.0;01.1.4;Leche, productos lácteos y huevos;01.1.4
7791130001748;PRELAVADO QUITAMANCH;VANISH;687;9;2470.0;;;
7791293050836;JAB ROSAS FRANCESAS;LUX;687;9;4650.0;;;
7791337007611;YOG FIRME FRUTILLA;YOGURISIMO;687;9;2960.0;01.1.6;Frutas;
7791337008458;POSTRE VAINILLA;SERENITO;687;9;2665.0;01.1.8;Azúcar, dulces, chocolate, golosinas, etc.;01.1.4
7791337008588;YOG COLCHON FRUTILLA;SER;687;9;3455.0;01.1.6;Frutas;
7791866001203;MAYONESA;NATURA;687;9;1550.0;;;01.1.9
7792798010561;CERVEZA RETORNABLE;STELLA ARTOIS;687;9;6435.0;02.1;Bebidas alcohólicas;02.1
7793253003241;AYUDIN ROPA COL VIVO;AYUDIN;687;9;3990.0;;;
7793890259070;PAN HAMBURG C/SESAMO;BIMBO;687;9;3875.0;01.1.1;Pan y cereales;01.1.1
7794000007741;SALSA GOLF SIN TACC;HELLM;687;9;2832.0;;;01.1.9
7798074864798;VINO CABERN SAUVIGNO;PORTI;687;9;6800.0;02.1;Bebidas alcohólicas;
7790070760821;VINO MALBEC;NIETO SENETINER;686;9;10300.0;02.1;Bebidas alcohólicas;
7790132098459;LAVANDINA ORIG MULTI;AYUDIN;686;9;1279.0;;;
7790580131487;BAÑO DE REPOS SEMIAM;AGUILA;686;9;4240.0;;;
7790580132170;MERMELADA DAMASCO;ARCOR;686;9;3100.0;01.1.8;Azúcar, dulces, chocolate, golosinas, etc.;01.1.6
7790670050667;HAMB CLASIC 12UD;PATY;686;9;25540.0;;;
7790670052401;SALCHICHAS X 6UD;VIENISSIMA;686;9;3270.0;01.1.2;Carnes y derivados;
7790742363008;LECHE LARGA VIDA 3%;LA SERENISIMA;686;9;2721.0;01.1.4;Leche, productos lácteos y huevos;01.1.4
7791290792777;ULTRA BRILL ORIG DP;CIF;686;9;3290.0;;;
7791290793378;CREM MULTIUSO RO&JAZ;CIF;686;9;4579.0;;;
7791293050935;JAB TOC COTTON FRESH;REXONA;686;9;4339.0;;;
7791540053184;VINO ESPUM EVO BLUE;FRIZZE;686;9;3907.0;02.1;Bebidas alcohólicas;
7791728248265;VINO TINTO DULCE;SANTA JULIA;686;9;8789.0;02.1;Bebidas alcohólicas;02.1
7793940054006;MANTECA X 200GR;LA SERENISIMA;686;9;4819.0;01.1.5;Aceites, grasas y manteca;01.1.5
7509546686509;CREM DENT TRIP BENEF;COLGA;685;9;7010.99;;;
7622201702625;JUGO PVO ANANA VIT;CLIGHT;685;9;529.0;01.2.2;Aguas minerales, bebidas gaseosas y jugos;
7622201806552;OREO GOLDEN;OREO;685;9;2470.0;;;
7790070760777;VINO BCO DULCE NATUR;EMILIA;685;9;8400.0;02.1;Bebidas alcohólicas;
7790240042085;VINO CABERNET SAUVIG;ALMA MORA;685;9;7675.0;02.1;Bebidas alcohólicas;
7790272008394;ACEITE OLIVA SUAVE;NATURA;685;9;14910.0;01.1.5;Aceites, grasas y manteca;01.1.5
7790490998231;EDULCORANTE CLAS FOR;HILERET;685;9;3119.0;01.1.8;Azúcar, dulces, chocolate, golosinas, etc.;
7790742192301;LECHE ENTERA 3% SACH;CASANTO;685;9;1865.0;01.1.4;Leche, productos lácteos y huevos;01.1.4
7790742352002;LECHE RED LACTOSA;LA SERENISIMA;685;9;1975.0;01.1.4;Leche, productos lácteos y huevos;01.1.4
7791337008663;POSTRE YOG FRUTILLA;DANONINO;685;9;1225.0;01.1.6;Frutas;01.1.4
7792170110575;BEB ISOTON MANZANA;GATORADE;685;9;2850.0;01.1.6;Frutas;01.2.2
7792931001050;AGUA MINERAL CON GAS;GLACIAR;685;9;3325.0;01.2.2;Aguas minerales, bebidas gaseosas y jugos;
7794000006164;KETCHUP C/TOMATE DOY;HELLMANNS;685;9;4399.0;01.1.7;Verduras, tubérculos y legumbres;01.1.9
7794000006553;ADHEREZO DE AJO;HELLM;685;9;3349.0;;;
7790040143517;GALLE RELLENA CHOCO;RUMBA;684;9;1400.0;;;
7790070431721;RISOTTO 4 QUESOS;GALLO;684;9;4400.0;01.1.4;Leche, productos lácteos y huevos;
7790538010291;NACHOS;MACRITAS;684;9;4780.0;;;
7791337008700;YOGURT BEB VAINILLA;DANONINO;684;9;3255.0;01.1.4;Leche, productos lácteos y huevos;
7791451801157;DULCE BATATA C/CACAO;ESNAOLA;684;9;3360.0;01.2.1;Café, té, yerba y cacao;
7797906054956;PAPAS SMILES;MCCAI;684;9;11925.0;;;
7896015520045;CREM DENT EXFRESH BL;SENSODYNE;684;9;6888.99;;;
7790040127944;GALLETA CHIPS CHOCO;COFLER;683;9;1859.0;01.1.1;Pan y cereales;
7790040719804;GALLE SALADAS CRACKE;REX;683;9;2260.0;;;
7790070622037;TAPAS P/TARTA CRIOLL;LASAL;683;9;2735.0;;;01.1.1
7790310984321;RUEDITAS SABOR PIZZA;PEP;683;9;3500.0;;;
7790490998309;EDULCO CLASICO FORTE;HILERET;683;9;5300.0;;;
7790639003437;GASEO COLA;CUNNINGTON;683;9;2540.0;;;
7790742363107;LECHE LARGA VIDA 1%;LA SERENISIMA;683;9;2721.0;01.1.4;Leche, productos lácteos y huevos;01.1.4
7791290795600;LIMPIADO BAÑO EXPERT;CIF;683;9;2506.99;;;
7792200000319;GALL.BIZCOCHO AZUCAR;9 DE ORO;683;9;1379.0;01.1.1;Pan y cereales;
7794940000758;EDULCORANTE STEVIA;HILERET;683;9;3600.0;01.1.8;Azúcar, dulces, chocolate, golosinas, etc.;
7798119220381;ENERGIZA ZERO AZUCAR;SPEED;683;9;2925.0;01.1.8;Azúcar, dulces, chocolate, golosinas, etc.;01.2.2
7891150075382;JAB TOC ANTIBACTERIA;DOVE;683;9;2609.0;;;
8445290993021;PURE DE PAPA CREMOSO;MAGGI;683;9;2953.0;01.1.7;Verduras, tubérculos y legumbres;01.1.4
7790093132728;VINO TORRONTES PRIVA;ETCHA;682;9;5420.0;02.1;Bebidas alcohólicas;
7790236018353;TAPA EMPANADA CRIOLL;LASAL;682;9;4180.0;01.1.1;Pan y cereales;01.1.1
7790240042092;VINO SYRAH;ALMA MORA;682;9;7671.0;02.1;Bebidas alcohólicas;
7790314080159;VINO MALBEC;EMEND;682;9;4100.0;02.1;Bebidas alcohólicas;
7791337007802;LECHE SABOR FRUTILLA;ACTIMEL;682;9;1965.0;01.1.4;Leche, productos lácteos y huevos;01.1.4
7792180007315;GALLETITAS 5 SEMILLA;PASEO;682;9;2220.0;01.1.1;Pan y cereales;
7793253003517;DESINF FRESC LAVANDA;POETT;682;9;4310.0;;;
7794000008540;CALDO GALLINA C/VEGE;KNORR;682;9;2640.0;;;01.1.9
7794990879656;QUESO CREMA CLASICO;LA PAULINA;682;9;3245.0;01.1.4;Leche, productos lácteos y huevos;
7790150330166;TE MANZANILLA;LA VIRGINIA;681;9;1668.0;01.2.1;Café, té, yerba y cacao;
7790742363206;LECHE SEMI DESCRE 2%;LA SERENISIMA;681;9;2805.0;01.1.4;Leche, productos lácteos y huevos;01.1.4
7791451071000;DULCE DE BATATA;ESNAOLA;681;9;3360.0;01.1.7;Verduras, tubérculos y legumbres;
7792170110568;BEB ISOTON FRUT TROP;GATORADE;681;9;2850.0;;;01.2.2
7792180004871;HARINA 0000 ULTRA RE;PUREZA;681;9;1430.0;01.1.1;Pan y cereales;
7792360002062;CAFE MOLI INTEN SENS;BONAF;681;9;12075.0;01.2.1;Café, té, yerba y cacao;
7622201735258;OREO QJ 12X354GR;OREO;680;9;6210.0;;;
7790070036278;ESPINACA SUPERCONGEL;GRANJA DEL SOL;680;9;5140.0;01.1.7;Verduras, tubérculos y legumbres;
7790070562265;HARINA 0000 C/VITAMI;FAVORITA;680;9;1640.0;01.1.1;Pan y cereales;
7790132009158;DESTAPACAÑERIAS;PLOMERO;680;9;8110.0;;;
7790150610305;VAINILLA LIQUIDA;ALICANTE;680;9;2155.0;;;
7790360720382;PATE DE FOIE;SWIFT;680;9;1280.0;;;
7791337007864;YOGUR FIRME FRUTILLA;SER;680;9;2680.0;01.1.4;Leche, productos lácteos y huevos;
7798342151254;NOT BURGER PARRILLER;NOT BURGER;680;9;7242.0;;;
7790250015536;P HIG DOBLE FUSION;HIGIENOL;679;9;3435.0;;;
7790360720115;PICADILLO DE CARNE;SWIFT;679;9;1280.0;01.1.2;Carnes y derivados;
7790580131357;ATUN LOMITO ACEITE;LA CAMPAGNOLA;679;9;5745.0;01.1.5;Aceites, grasas y manteca;
7790742436207;LECHE EN POLVO;LA SERENISIMA;679;9;3745.0;01.1.4;Leche, productos lácteos y huevos;01.1.4
7791250003110;VODKA ICE LATA;SMIRNOFF;679;9;3700.0;02.1;Bebidas alcohólicas;
7791337008656;POSTRE YOG VAINILLA;DANONINO;679;9;1225.0;01.1.8;Azúcar, dulces, chocolate, golosinas, etc.;01.1.4
7791337008670;YOGURT BEB FRUTILLA;DANONINO;679;9;1833.0;01.1.4;Leche, productos lácteos y huevos;
7798060853003;QUESO UNT CLASICO;TONADITA;679;9;2699.0;01.1.4;Leche, productos lácteos y huevos;
7790158229547;MIEL SIN TACC;ALELUYA;678;9;5335.0;01.1.8;Azúcar, dulces, chocolate, golosinas, etc.;
7790189021028;VINO MALBEC;ELEMENTOS;678;9;6958.0;02.1;Bebidas alcohólicas;
7790199604587;AVENA TRADICIONAL;MORIXE;678;9;2200.0;01.1.1;Pan y cereales;01.1.1
7790314080203;VINO CHARDON DUL CHE;ESTAN;678;9;4100.0;02.1;Bebidas alcohólicas;
7790580146115;PURE DE TOMATE;ARCOR;678;9;1209.0;01.1.7;Verduras, tubérculos y legumbres;
7791290794085;LAVAVAJ BIO LIMON DP;CIF;678;9;3850.0;01.1.6;Frutas;
7791324157466;GALLE RELLENA FRUT;PITUS;678;9;1750.0;;;
7791728247091;VINO CHENIN;SANTA JULIA;678;9;8744.0;02.1;Bebidas alcohólicas;
7792180140708;HARIN LEUDANTE VIT D;PUREZA;678;9;1900.0;;;
7793913013535;YOG CREMOSO ENT VAIN;TREGAR;678;9;1090.0;;;01.1.4
7793913013566;YOG CREM LIGHT VAINI;TREGAR;678;9;1090.0;;;
7795930000550;BIDON AGUA;GLACIAR;678;9;9309.0;01.2.2;Aguas minerales, bebidas gaseosas y jugos;
7798119220183;BEBIDA ENERGIZANTE;SPEED;678;9;2925.0;01.2.2;Aguas minerales, bebidas gaseosas y jugos;01.2.2
7790040137844;MANA VAINILLA X3;MANA;677;9;3150.0;;;
7790070320308;FIDEO TIRABUZON;FAVORITA;677;9;1060.0;01.1.1;Pan y cereales;01.1.1
7791324157046;GALLE RELLENA CHOCO;PITUS;677;9;1750.0;;;
7793253003715;LAVAN LAV TRI PODER;AYUDI;677;9;1890.0;;;
8445291749306;CAFE CHOCO/MOCHA CRE;NESCA;677;9;5620.0;01.2.1;Café, té, yerba y cacao;
7790639003468;GASEOSA LIMA LIMON;CUNNINGTON;676;9;2750.0;01.2.2;Aguas minerales, bebidas gaseosas y jugos;01.2.2
7613287613356;ALIM PARA PERRO ADUL;DOGUI;675;9;5387.0;;;
7790070318398;FIDEOS DEDALITOS;LUCCHETTI;675;9;1700.0;01.1.1;Pan y cereales;01.1.1
7790070760555;VINO CHARDONNAY;BENJA;675;9;6300.0;02.1;Bebidas alcohólicas;
7798422620090;BEB ENERG GREEN ZERO;MONSTER;675;9;3300.0;;;
7790895007385;GASEO LIMA LIMON;CRUSH;674;9;2000.0;01.1.6;Frutas;
7791250003189;VODKA RED BERRIES;SMIRNOFF;674;9;3700.0;02.1;Bebidas alcohólicas;
7794440005109;PAÑO MULTIUSO TWIST;VIRUL;674;9;1290.0;;;
7790040143692;GALLET BAÑADAS CHOCO;COFLER;673;9;3584.0;01.1.1;Pan y cereales;
7790189001129;VINO MALBEC;DON DAVID;673;9;11229.0;02.1;Bebidas alcohólicas;
7790250015840;P HIG MAX ALOE 100MT;HIGIENOL;673;9;6869.0;;;
7790625005339;BONDIOLA FETEADA;LARIO;673;9;7429.0;01.1.2;Carnes y derivados;01.1.2
7791250003127;VODKA LATA GREENAPPL;SMIRNOFF;673;9;3700.0;02.1;Bebidas alcohólicas;
7791451080040;DULCE DE MEMBRILLO;ESNAOLA;673;9;4580.0;;;
8445290883858;LECHE CONDE DESCREMA;NESTLE;673;9;5355.0;01.1.4;Leche, productos lácteos y huevos;01.1.4
7790387800142;TE DIAMANTADO EN SAQ;TARAGUI;672;9;1890.0;01.2.1;Café, té, yerba y cacao;
7790742348005;LECHE  MULTIDEFENSA;LA SERENISIMA;672;9;1975.0;01.1.4;Leche, productos lácteos y huevos;01.1.4
7790895647741;AGUA SIN GAS;BENEDICTINO;672;9;1900.0;01.2.2;Aguas minerales, bebidas gaseosas y jugos;
7790895648823;AGUA S/GAS;BENEDICTINO;672;9;2600.0;01.2.2;Aguas minerales, bebidas gaseosas y jugos;
7793360131523;MERMELADA DAMASCO;BC;672;9;3850.0;01.1.8;Azúcar, dulces, chocolate, golosinas, etc.;01.1.6
7896004009155;PAPAS FRITAS ORIGINA;PRINGLES;672;9;5689.0;;;
7790070760760;VINO CABERNET SAUVIG;EMILIA;671;9;7590.0;02.1;Bebidas alcohólicas;
7790236018346;TAPA EMPANAD HOJALDR;LASAL;671;9;4180.0;;;
7790250056881;ROLLO COCINA CLASICO;SUSSEX;671;9;2763.99;;;
7792799000097;AGUA S/GAS MINERAL;ECO;671;9;3187.0;01.2.2;Aguas minerales, bebidas gaseosas y jugos;
7622201492465;TABLET CHOCOPAU OREO;MILKA;670;9;2770.0;;;
7790742348203;LECHE MULTIDEF 2%;LA SERENISIMA;670;9;1975.0;01.1.4;Leche, productos lácteos y huevos;01.1.4
7790742348302;LECHE MULTID 3%;LA SERENISIMA;670;9;1975.0;01.1.4;Leche, productos lácteos y huevos;01.1.4
7790813444469;LEVADURA FAMILIAR X2;CALSA;670;9;999.0;;;01.1.9
7791620187778;MARGARINA DORADA;DANICA;670;9;2819.0;01.1.5;Aceites, grasas y manteca;
7793253003777;LAVANDINA ANTISPLASH;AYUDIN;670;9;2110.0;;;
7798151952332;PASTA MANI NATURAL;MANI;670;9;4750.0;;;01.1.6
8445290585240;ALIM GATO CARN&POLLO;GATI;670;9;4804.0;01.1.2;Carnes y derivados;
7622201503987;GALLE VARIEDAD CHOCO;TERRA;669;9;3275.0;;;
7790070431431;ARROZ DOBLE CAROLINA;GALLO;669;9;2040.0;01.1.1;Pan y cereales;
7790130000027;VINAGRE DE MANZANA;MENOYO;669;9;2525.0;01.1.6;Frutas;01.1.9
7793253098773;PERFM P/TELAS FRAGAN;POETT;669;9;4970.0;;;
7798343751132;GRANOL ALM/CAJU/ARAN;INTEG;669;9;8650.0;;;
7791290795495;JABON LIQ C/BICARBON;ALA;668;9;11990.0;;;
7791293050805;JABON JAZMIN CREMOSO;LUX;668;9;4639.0;;;
7798338290035;LECH DESC LIVIAN L/V;3NIÑA;668;9;2620.0;;;
7790130000034;VINAGRE DE ALCOHOL;MENOY;667;9;1400.0;;;01.1.9
7790240042108;VINO MALBEC;ALMA MORA;667;9;7671.0;02.1;Bebidas alcohólicas;
7791293051963;TALCO ORIGINAL;REXON;667;9;3779.0;;;
7798181510212;CRACKERS CLASICAS;SMAMS;667;9;3332.0;;;
8445290584984;COMIDA GATO PESCADO;GATI;667;9;4804.0;01.1.3;Pescados y mariscos;
7790040136243;CEREALES SALVADO;BAGLEY;666;9;4188.0;01.1.1;Pan y cereales;01.1.1
7790040143944;GALLE SALADA QUESO;TRAVIATA;666;9;951.0;01.1.4;Leche, productos lácteos y huevos;
7790070417879;POLVO POSTRE CHOCOLA;EXQUISITA;666;9;1700.0;01.1.8;Azúcar, dulces, chocolate, golosinas, etc.;01.1.4
7790580132194;MERMELADA NARANJA;ARCOR;666;9;3100.0;01.1.6;Frutas;01.1.8
7793704000911;YERBA;PLAYADITO;666;9;2758.0;01.2.1;Café, té, yerba y cacao;
7793913013559;YOG CREM LIGHT FRUTI;TREGAR;666;9;1090.0;;;
7794000005839;SOPA VEGETA C/LETRAS;KNORR;666;9;2745.0;;;01.1.9
7790310985328;PAPAS FRITA FLAM HOT;LAYS;665;9;3639.0;;;
7791290792142;JAB POLVO MATIC MSOL;ALA;665;9;3850.0;;;
7793890258288;RAPIDITAS INTEGRALES;BIMBO;665;9;3489.0;;;01.1.1
7790150460474;COCO RALLADO;ALICANTE;664;9;2110.0;;;
7790387800135;TE SIN ENSOBR DIAMAN;TARAGUI;664;9;1080.0;01.2.1;Café, té, yerba y cacao;
7790580132224;MERMEL LIGHT DURAZNO;ARCOR;664;9;3380.0;01.1.6;Frutas;
7790580138721;POLENTA;PREST;664;9;2299.0;01.1.1;Pan y cereales;
7790580567903;TOMATE PERITA;ARCOR;664;9;1566.0;01.1.7;Verduras, tubérculos y legumbres;
7791290793583;SUAV P.ROPA ESENCIAL;COMFO;664;9;7350.0;;;
7794450088581;VINO TINTO MALBEC;SAINT FELICIEN;664;9;15250.0;02.1;Bebidas alcohólicas;02.1
7790040143531;GALLETAS DULCES;AMOR;663;9;1565.0;01.1.1;Pan y cereales;
7790045001607;SKARCHITOS;GRANI;663;9;2230.0;;;
7790070335944;FIDEO PENNE RIGA N45;MATARAZZO;663;9;2300.0;01.1.1;Pan y cereales;01.1.1
7790070431509;ARROZ PARBOIL BOLSA;LUCCHETTI;663;9;2289.0;01.1.1;Pan y cereales;
7790079000638;LEBERWURST;PALADINI;663;9;3425.0;;;01.1.2
7790130000058;VINAGRE DE ALCOHOL;MENOYO;663;9;1965.0;;;01.1.9
7790250026075;P HIG DOBL HOJA 30MT;ELITE;663;9;5615.0;;;
7792900990699;SALSA CAESAR;DOS ANCLAS;663;9;4700.0;;;01.1.9
7702003010781;APOSITO ADHES TRANSP;CURIT;662;9;2315.0;;;
7790070509048;YERBA MATE SIN TACC;CRUZ DE MALTA;662;9;2235.0;01.2.1;Café, té, yerba y cacao;
7790387800067;MATE COC DIAMANTADO;TARAGUI;662;9;2559.0;;;
7791250000935;VINO MALBEC;LOSAR;662;9;5310.0;02.1;Bebidas alcohólicas;
7791540044502;VINO BONARDA MALBEC;DADA;662;9;6790.0;02.1;Bebidas alcohólicas;
7792390620748;CAPELETTINI VERDURA;GIACOMO;662;9;5455.0;01.1.7;Verduras, tubérculos y legumbres;
7790740000486;ACO RESTAURA AMINOMA;PLUSB;661;9;6289.0;;;
7791866003283;AYONESA;MAYOL;661;9;2562.0;;;
7792180139320;HARINA 000 UR VIT D;CAÑUE;661;9;1080.0;01.1.1;Pan y cereales;
7793360000157;PURE DE TOMATE;SALSATI;661;9;1589.0;01.1.7;Verduras, tubérculos y legumbres;
7793890258776;PAN SALVADO;LACTAL;661;9;3827.0;01.1.1;Pan y cereales;01.1.1
7896004004983;COPOS DE CHOCOLATE;ZUCAR;661;9;2752.0;01.1.8;Azúcar, dulces, chocolate, golosinas, etc.;01.1.1
7790040008175;OBLEA RELLENA CREMA;OPERA;660;9;2724.0;01.1.8;Azúcar, dulces, chocolate, golosinas, etc.;01.1.1
7790040137837;GALL SABOR VAINILLA;MANA;660;9;1273.0;;;
7790079001031;MORTADELA BOCHITA;PALAD;660;9;4885.0;01.1.2;Carnes y derivados;
7794000006881;SOPA BALANC VEGETALE;KNORR;660;9;3661.0;;;01.1.9
7790070417893;POSTRE VAIN VIT/ZINC;EXQUI;659;9;1285.0;01.1.8;Azúcar, dulces, chocolate, golosinas, etc.;01.1.4
7790070433190;REBOZADOR;PREFE;659;9;3800.0;;;
7790310984734;PAPAS FRITAS CLASICA;LAYS;659;9;8844.0;;;
7790895649370;AGUA S/GAS;BENEDICTINO;659;9;5150.0;01.2.2;Aguas minerales, bebidas gaseosas y jugos;
7791866000664;KETCHUP;NATUR;659;9;3422.0;;;01.1.9
7793890258790;PAN PANCHO;LACTAL;659;9;2700.0;01.1.1;Pan y cereales;01.1.1
7790070431516;ARROZ PARBOIL BOLSA;LUCCH;658;9;1209.0;01.1.1;Pan y cereales;
7790742223104;QUESO RALLADO;LA SERENISIMA;658;9;6329.0;01.1.4;Leche, productos lácteos y huevos;
7794000006058;MAYONESA CLASICA;HELLM;658;9;5897.0;;;01.1.9
7509546687292;PASTA DENTAL;ODOL;657;9;2770.99;;;
7790740000448;SH RESTAU AMINOMAX;PLUSB;657;9;6289.99;;;
7798338291056;LECHE CHOCOLATADA;L3N;657;9;1190.0;01.2.1;Café, té, yerba y cacao;01.1.4
7790040132955;GALLE SALVADO;HOGAR;656;9;4189.0;;;
7790310985434;PAPAS FR JAMON SERRA;LAYS;656;9;3869.0;01.1.2;Carnes y derivados;
7790950131918;APERITIVO SAB LIMON;DRLEM;656;9;3719.0;02.1;Bebidas alcohólicas;
7790070432988;BIZCOCH NARANJA FORT;EXQUI;655;9;3700.0;01.1.1;Pan y cereales;
7790070760562;VINO CABERNET SAUVIG;BENJA;655;9;5490.0;02.1;Bebidas alcohólicas;
7790139002879;APERITIVO FERNET;1882;655;9;8740.0;02.1;Bebidas alcohólicas;02.1
7790189021059;VINO TORRONTES;ELEMENTOS;655;9;5990.0;02.1;Bebidas alcohólicas;
7790250016182;P HIG SIMP HOJA ALOE;HIGIENOL;655;9;1988.0;;;
7790310985557;PAPAS FRIT QUES&CEBO;LAYS;655;9;3869.0;;;
7790490998064;EDULCO CLASICO FORTE;HILER;655;9;4600.0;;;
7790742324009;QUESO UNT RED CAL;FINLANDIA;655;9;3655.0;01.1.4;Leche, productos lácteos y huevos;
7790950202823;APERITIVO CON VODKA;DRLEM;655;9;2850.0;02.1;Bebidas alcohólicas;
7792410532426;BEBIDA RON AÑEJO;HAVAN;655;9;20205.0;02.1;Bebidas alcohólicas;
7794940000857;EDULCORANTE ZURA FOR;HILER;655;9;4350.0;01.1.8;Azúcar, dulces, chocolate, golosinas, etc.;
7896004004921;COPO AZUCARADO;ZUCAR;655;9;3194.0;01.1.8;Azúcar, dulces, chocolate, golosinas, etc.;
8445290270184;CEREALES FRUTADOS;TRIX;655;9;4730.0;01.1.1;Pan y cereales;01.1.1
7790580123437;MERMELADA CIRUELA;ARCOR;654;9;3100.0;01.1.6;Frutas;01.1.6
7790813150131;LEVADURA INSTANTANEA;CALSA;654;9;548.0;;;01.1.9
7790070433145;ARROZ LARG FINO BOLS;GALLO;653;9;1269.0;01.1.1;Pan y cereales;
7790480008261;TE CLASICO;GREEN;653;9;2768.0;01.2.1;Café, té, yerba y cacao;
7790070317452;CAPPELLET JAM Y QUES;LUCCH;652;9;6000.0;;;
7790070433008;POLVO BIZCOCHU COCO;EXQUI;652;9;3700.0;01.1.1;Pan y cereales;
7790240128598;VINO MALBEC;FLMOR;652;9;4590.0;02.1;Bebidas alcohólicas;
7790975198859;VINO ESPUM EXTR BRUT;CHAND;652;9;9730.0;02.1;Bebidas alcohólicas;
7791620187761;MARGARINA SOFT;DANIC;652;9;2819.0;01.1.5;Aceites, grasas y manteca;
5011013100132;LICOR FINO CREAM;BAILE;651;9;43179.0;02.1;Bebidas alcohólicas;02.1
7790070035967;MILA SOJA TIPO CASER;GRANJ;651;9;4895.0;;;01.1.7
7790199604273;HARINA PARA PIZZA;MORIX;651;9;1960.0;01.1.1;Pan y cereales;
7791250001253;WHISKY BLENDED SCOTC;WHITE;651;9;22300.0;02.1;Bebidas alcohólicas;
7793147000752;CERVEZA LATA;IMPER;651;9;3105.0;02.1;Bebidas alcohólicas;02.1
7794000006362;PURE DE PAPAS;KNORR;651;9;3099.0;;;
7795323775508;LECHE INFANTIL 2;LASER;651;9;1897.0;01.1.4;Leche, productos lácteos y huevos;01.1.4
7791250000997;VINO MALBEC;SANTE;650;9;3990.0;02.1;Bebidas alcohólicas;
7793147570743;CERVEZA IPA;IMPER;650;9;3295.0;02.1;Bebidas alcohólicas;02.1
7793890258851;PAN HAMBURGUESA C/SE;FARGO;650;9;2615.0;01.1.2;Carnes y derivados;01.1.1
7790070231864;ACEIT OLIV EV INTENS;COCIN;649;9;14060.0;;;
7790070336965;SEMOLA NUTRIVIT MAX;VITIN;649;9;3779.0;;;01.1.1
7790895003325;AGUA S/GAS NARAN;AQUAR;649;9;3700.0;01.2.2;Aguas minerales, bebidas gaseosas y jugos;
7791203003341;VINO MALBEC;LALIN;649;9;10850.0;02.1;Bebidas alcohólicas;
7791540049347;VINO MALBEC;INTOC;649;9;10990.0;02.1;Bebidas alcohólicas;
7794626011023;TOALLA HUM TRI PROTE;HUGGIES;649;9;4970.0;;;
7790070231871;ACEIT OLIV EV SUAVE;COCIN;648;9;14060.0;;;
7795323775492;LECHE INFANTIL 1;LASER;648;9;2004.0;01.1.4;Leche, productos lácteos y huevos;01.1.4
7622201735715;JUGO PVO MULTIFRUTA;TANG;647;9;519.0;01.2.2;Aguas minerales, bebidas gaseosas y jugos;
7790310985380;PALITOS SALADOS;PEHUA;647;9;3518.0;;;
7790950133271;AMARGO LIMON;TERMA;647;9;2840.0;01.1.6;Frutas;
7792180006448;GALLETA CRACKER;PASEO;647;9;1790.0;01.1.1;Pan y cereales;
7790040136069;GALLETAS 7 SEMILLAS;HOGAR;646;9;1570.0;01.1.1;Pan y cereales;
7790070622020;TAPA P/EMPANA CRIOLL;LASAL;646;9;2400.0;;;
7790950133257;AMARGO SABOR POMELO;TERMA;646;9;2840.0;;;01.1.6
8445291082212;CAFE DOLCA ORIGE FRS;NESCA;646;9;12899.0;01.2.1;Café, té, yerba y cacao;
7790310985137;SNACK MEGA QUESO;3D;645;9;5400.0;01.1.4;Leche, productos lácteos y huevos;
7790639003451;GASEO POMELO;CUNNI;645;9;2750.0;;;01.1.6
